Workbook

Sheet Instructions
B2: SAILS — Sales KPI Tracker · Instructions
B3: Fill in the yellow cells. Everything else calculates automatically.
B5: HOW TO USE
B6: Yellow cells | C6: Enter your data here. These are the only cells you should edit.
B7: Gray cells | C7: Auto-calculated conversion rates and revenue. Do not edit.
B8: Navy total row | C8: Full year totals and rates, calculated from monthly inputs.
B9: Estimates | C9: Use ~ prefix for estimates (e.g., ~200). Leave blank if you truly don't track it.
B10: Blank cells | C10: Rate formulas return — when data is missing. That's expected.
B11: Rep Breakdown | C11: Scroll down on the Cold Call tab for annual rep-level data with auto-calculated rates.
B12: Summary tab | C12: Annual Summary pulls automatically from all 7 channel tabs — do not edit it directly.
B14: METRIC DEFINITIONS BY CHANNEL
B15: Cold Call | C15: Dials → Connects → Sets (SALs) → Demos (SQLs) → Opps (SQOs) → Closed Won
C16: Rates: Connect Rate (Connects/Dials), Set Rate (Sets/Connects), Demo Rate, Opp Rate, Close Rate
B18: Email | C18: Sent → Replies → Sets (SALs) → Demos (SQLs) → Opps (SQOs) → Closed Won
C19: Rates: Reply Rate (Replies/Sent), Set Rate (Sets/Replies), Demo Rate, Opp Rate, Close Rate. Note: Opens/clicks excluded — open rate is unreliable post-Apple MPP; reply rate is the actionable signal.
B21: LinkedIn | C21: Sent → Replies → Sets (SALs) → Demos (SQLs) → Opps (SQOs) → Closed Won
C22: Rates: Reply Rate (Replies/Sent), Set Rate (Sets/Replies), Demo Rate, Opp Rate, Close Rate. 'Sent' = messages sent (connection requests + DMs combined or just DMs — be consistent).
B24: Inbound | C24: Leads → MQLs → Sets (SALs) → Demos (SQLs) → Opps (SQOs) → Closed Won
C25: Rates: MQL Rate (MQLs/Leads), Set Rate (Sets/MQLs), Demo Rate, Opp Rate, Close Rate. MQLs = leads that met your qualification threshold (form fill + criteria, or scored above threshold).
B27: Referral | C27: Referrals Received → Sets (SALs) → Demos (SQLs) → Opps (SQOs) → Closed Won
C28: Rates: Set Rate (Sets/Referrals), Demo Rate, Opp Rate, Close Rate. Short funnel — referrals typically move straight to a meeting without a connect step.
B30: Events | C30: Contacts Made → Follow-Ups Sent → Sets (SALs) → Demos (SQLs) → Opps (SQOs) → Closed Won
C31: Rates: Follow-Up Rate (Follow-Ups/Contacts), Set Rate (Sets/Follow-Ups), Demo Rate, Opp Rate, Close Rate. Count contacts made at the event, then follow-up outreach as the next step.
B33: Partner | C33: Partner Leads → Sets (SALs) → Demos (SQLs) → Opps (SQOs) → Closed Won
C34: Rates: Set Rate (Sets/Partner Leads), Demo Rate, Opp Rate, Close Rate. Partner leads are sourced by the partner — your funnel starts when the lead arrives.

Sheet Annual Summary
A1: SAILS — Annual Channel Summary
A2: ▸ VOLUME METRICS (sourced from channel tabs) | J2: ▸ CONVERSION RATES & REVENUE (auto-calculated)
A3: Channel | B3: Vol 1 (Top of Funnel) | C3: Vol 2 (Mid Funnel) | D3: Sets (SALs) | E3: Demos (SQLs) | F3: Opps (SQOs) | G3: Closed Won | H3: Avg ARPA ($) | I3: Avg Cycle (days) | J3: Rate 1 (see note) | K3: Set Rate | L3: Keep Rate | M3: Opp Rate | N3: Close Rate | O3: Revenue ($)
A4: Outbound — Cold Call | B4: ='Cold Call'!B17 -> 0 | C4: ='Cold Call'!C17 -> 0 | D4: ='Cold Call'!D17 -> 0 | E4: ='Cold Call'!E17 -> 0 | F4: ='Cold Call'!F17 -> 0 | G4: ='Cold Call'!G17 -> 0 | H4: ='Cold Call'!H17 -> - | I4: ='Cold Call'!I17 -> - | ... O4: ='Cold Call'!O17 -> -
A5: Outbound — Email | B5: =Email!B17 -> 0 | C5: =Email!C17 -> 0 | D5: =Email!D17 -> 0 | E5: =Email!E17 -> 0 | F5: =Email!F17 -> 0 | G5: =Email!G17 -> 0 | H5: =Email!H17 -> - | I5: =Email!I17 -> - | ... O5: =Email!O17 -> -
A6: Outbound — LinkedIn / Social | B6: =LinkedIn!B17 -> 0 | C6: =LinkedIn!C17 -> 0 | D6: =LinkedIn!D17 -> 0 | E6: =LinkedIn!E17 -> 0 | F6: =LinkedIn!F17 -> 0 | G6: =LinkedIn!G17 -> 0 | H6: =LinkedIn!H17 -> - | I6: =LinkedIn!I17 -> - | ... O6: =LinkedIn!O17 -> -
A7: Inbound / Marketing | B7: =Inbound!B17 -> 0 | C7: =Inbound!C17 -> 0 | D7: =Inbound!D17 -> 0 | E7: =Inbound!E17 -> 0 | F7: =Inbound!F17 -> 0 | G7: =Inbound!G17 -> 0 | H7: =Inbound!H17 -> - | I7: =Inbound!I17 -> - | ... O7: =Inbound!O17 -> -
A8: Referral / Word of Mouth | B8: =Referral!B17 -> 0 | C8: =Referral!C17 -> — | D8: =Referral!D17 -> 0 | E8: =Referral!E17 -> 0 | F8: =Referral!F17 -> 0 | G8: =Referral!G17 -> 0 | H8: =Referral!H17 -> - | I8: =Referral!I17 -> - | ... O8: =Referral!O17 -> -
A9: Events / Conferences | B9: =Events!B17 -> 0 | C9: =Events!C17 -> 0 | D9: =Events!D17 -> 0 | E9: =Events!E17 -> 0 | F9: =Events!F17 -> 0 | G9: =Events!G17 -> 0 | H9: =Events!H17 -> - | I9: =Events!I17 -> - | ... O9: =Events!O17 -> -
A10: Partner / Channel | B10: =Partner!B17 -> 0 | C10: =Partner!C17 -> — | D10: =Partner!D17 -> 0 | E10: =Partner!E17 -> 0 | F10: =Partner!F17 -> 0 | G10: =Partner!G17 -> 0 | H10: =Partner!H17 -> - | I10: =Partner!I17 -> - | ... O10: =Partner!O17 -> -
A12: ALL CHANNELS COMBINED | B12: =SUM(B4:B10) -> 0 | C12: =SUM(C4:C10) -> 0 | D12: =SUM(D4:D10) -> 0 | E12: =SUM(E4:E10) -> 0 | F12: =SUM(F4:F10) -> 0 | G12: =SUM(G4:G10) -> 0 | H12: =IFERROR(AVERAGE(H4:H10),"-") -> - | I12: =IFERROR(AVERAGE(I4:I10),"-") -> - | J12: =IFERROR(C12/B12,"-") -> - | K12: =IFERROR(D12/C12,"-") -> - | L12: =IFERROR(E12/D12,"-") -> - | M12: =IFERROR(F12/E12,"-") -> - | N12: =IFERROR(G12/F12,"-") -> - | O12: =IFERROR(G12*H12,"-") -> -
A14: ⓘ Rate 1 is channel-specific: Cold Call = Connect Rate · Email & LinkedIn = Reply Rate · Inbound = MQL Rate · Events = Follow-Up Rate · Referral & Partner = N/A (see Set Rate)
A16: CLOSED WON BY CHANNEL BY MONTH
A17: Channel | B17: Jan | C17: Feb | D17: Mar | E17: Apr | F17: May | G17: Jun | H17: Jul | I17: Aug | J17: Sep | K17: Oct | L17: Nov | M17: Dec | N17: Full Year
A18: Outbound — Cold Call | B18: ='Cold Call'!G4 | C18: ='Cold Call'!G5 | D18: ='Cold Call'!G6 | E18: ='Cold Call'!G7 | F18: ='Cold Call'!G8 | G18: ='Cold Call'!G9 | H18: ='Cold Call'!G10 | I18: ='Cold Call'!G11 | J18: ='Cold Call'!G12 | K18: ='Cold Call'!G13 | L18: ='Cold Call'!G14 | M18: ='Cold Call'!G15 | N18: ='Cold Call'!G17 -> 0
A19: Outbound — Email | B19: =Email!G4 | C19: =Email!G5 | D19: =Email!G6 | E19: =Email!G7 | F19: =Email!G8 | G19: =Email!G9 | H19: =Email!G10 | I19: =Email!G11 | J19: =Email!G12 | K19: =Email!G13 | L19: =Email!G14 | M19: =Email!G15 | N19: =Email!G17 -> 0
A20: Outbound — LinkedIn / Social | B20: =LinkedIn!G4 | C20: =LinkedIn!G5 | D20: =LinkedIn!G6 | E20: =LinkedIn!G7 | F20: =LinkedIn!G8 | G20: =LinkedIn!G9 | H20: =LinkedIn!G10 | I20: =LinkedIn!G11 | J20: =LinkedIn!G12 | K20: =LinkedIn!G13 | L20: =LinkedIn!G14 | M20: =LinkedIn!G15 | N20: =LinkedIn!G17 -> 0
A21: Inbound / Marketing | B21: =Inbound!G4 | C21: =Inbound!G5 | D21: =Inbound!G6 | E21: =Inbound!G7 | F21: =Inbound!G8 | G21: =Inbound!G9 | H21: =Inbound!G10 | I21: =Inbound!G11 | J21: =Inbound!G12 | K21: =Inbound!G13 | L21: =Inbound!G14 | M21: =Inbound!G15 | N21: =Inbound!G17 -> 0
A22: Referral / Word of Mouth | B22: =Referral!G4 | C22: =Referral!G5 | D22: =Referral!G6 | E22: =Referral!G7 | F22: =Referral!G8 | G22: =Referral!G9 | H22: =Referral!G10 | I22: =Referral!G11 | J22: =Referral!G12 | K22: =Referral!G13 | L22: =Referral!G14 | M22: =Referral!G15 | N22: =Referral!G17 -> 0
A23: Events / Conferences | B23: =Events!G4 | C23: =Events!G5 | D23: =Events!G6 | E23: =Events!G7 | F23: =Events!G8 | G23: =Events!G9 | H23: =Events!G10 | I23: =Events!G11 | J23: =Events!G12 | K23: =Events!G13 | L23: =Events!G14 | M23: =Events!G15 | N23: =Events!G17 -> 0
A24: Partner / Channel | B24: =Partner!G4 | C24: =Partner!G5 | D24: =Partner!G6 | E24: =Partner!G7 | F24: =Partner!G8 | G24: =Partner!G9 | H24: =Partner!G10 | I24: =Partner!G11 | J24: =Partner!G12 | K24: =Partner!G13 | L24: =Partner!G14 | M24: =Partner!G15 | N24: =Partner!G17 -> 0
A25: ALL CHANNELS | B25: =SUM(B18:B24) -> 0 | C25: =SUM(C18:C24) -> 0 | D25: =SUM(D18:D24) -> 0 | E25: =SUM(E18:E24) -> 0 | F25: =SUM(F18:F24) -> 0 | G25: =SUM(G18:G24) -> 0 | H25: =SUM(H18:H24) -> 0 | I25: =SUM(I18:I24) -> 0 | ... N25: =SUM(N18:N24) -> 0

Sheet Cold Call
A1: Outbound — Cold Call
A2: ▸ INPUT DATA (yellow cells) | J2: ▸ AUTO-CALCULATED (do not edit)
A3: Month | B3: Dials | C3: Connects | D3: Sets (SALs) | E3: Demos (SQLs) | F3: Opps (SQOs) | G3: Closed Won | H3: ARPA ($) | I3: Sales Cycle (days) | J3: Connect Rate | K3: Set Rate | L3: Keep Rate | M3: Opp Rate | N3: Close Rate | O3: Revenue ($)
A4: Jan | J4: =IFERROR(C4/B4,"-") -> - | K4: =IFERROR(D4/C4,"-") -> - | L4: =IFERROR(E4/D4,"-") -> - | M4: =IFERROR(F4/E4,"-") -> - | N4: =IFERROR(G4/F4,"-") -> - | O4: =IFERROR(G4*H4,"-") -> 0
A5: Feb | J5: =IFERROR(C5/B5,"-") -> - | K5: =IFERROR(D5/C5,"-") -> - | L5: =IFERROR(E5/D5,"-") -> - | M5: =IFERROR(F5/E5,"-") -> - | N5: =IFERROR(G5/F5,"-") -> - | O5: =IFERROR(G5*H5,"-") -> 0
A6: Mar | J6: =IFERROR(C6/B6,"-") -> - | K6: =IFERROR(D6/C6,"-") -> - | L6: =IFERROR(E6/D6,"-") -> - | M6: =IFERROR(F6/E6,"-") -> - | N6: =IFERROR(G6/F6,"-") -> - | O6: =IFERROR(G6*H6,"-") -> 0
A7: Apr | J7: =IFERROR(C7/B7,"-") -> - | K7: =IFERROR(D7/C7,"-") -> - | L7: =IFERROR(E7/D7,"-") -> - | M7: =IFERROR(F7/E7,"-") -> - | N7: =IFERROR(G7/F7,"-") -> - | O7: =IFERROR(G7*H7,"-") -> 0
A8: May | J8: =IFERROR(C8/B8,"-") -> - | K8: =IFERROR(D8/C8,"-") -> - | L8: =IFERROR(E8/D8,"-") -> - | M8: =IFERROR(F8/E8,"-") -> - | N8: =IFERROR(G8/F8,"-") -> - | O8: =IFERROR(G8*H8,"-") -> 0
A9: Jun | J9: =IFERROR(C9/B9,"-") -> - | K9: =IFERROR(D9/C9,"-") -> - | L9: =IFERROR(E9/D9,"-") -> - | M9: =IFERROR(F9/E9,"-") -> - | N9: =IFERROR(G9/F9,"-") -> - | O9: =IFERROR(G9*H9,"-") -> 0
A10: Jul | J10: =IFERROR(C10/B10,"-") -> - | K10: =IFERROR(D10/C10,"-") -> - | L10: =IFERROR(E10/D10,"-") -> - | M10: =IFERROR(F10/E10,"-") -> - | N10: =IFERROR(G10/F10,"-") -> - | O10: =IFERROR(G10*H10,"-") -> 0
A11: Aug | J11: =IFERROR(C11/B11,"-") -> - | K11: =IFERROR(D11/C11,"-") -> - | L11: =IFERROR(E11/D11,"-") -> - | M11: =IFERROR(F11/E11,"-") -> - | N11: =IFERROR(G11/F11,"-") -> - | O11: =IFERROR(G11*H11,"-") -> 0
A12: Sep | J12: =IFERROR(C12/B12,"-") -> - | K12: =IFERROR(D12/C12,"-") -> - | L12: =IFERROR(E12/D12,"-") -> - | M12: =IFERROR(F12/E12,"-") -> - | N12: =IFERROR(G12/F12,"-") -> - | O12: =IFERROR(G12*H12,"-") -> 0
A13: Oct | J13: =IFERROR(C13/B13,"-") -> - | K13: =IFERROR(D13/C13,"-") -> - | L13: =IFERROR(E13/D13,"-") -> - | M13: =IFERROR(F13/E13,"-") -> - | N13: =IFERROR(G13/F13,"-") -> - | O13: =IFERROR(G13*H13,"-") -> 0
A14: Nov | J14: =IFERROR(C14/B14,"-") -> - | K14: =IFERROR(D14/C14,"-") -> - | L14: =IFERROR(E14/D14,"-") -> - | M14: =IFERROR(F14/E14,"-") -> - | N14: =IFERROR(G14/F14,"-") -> - | O14: =IFERROR(G14*H14,"-") -> 0
A15: Dec | J15: =IFERROR(C15/B15,"-") -> - | K15: =IFERROR(D15/C15,"-") -> - | L15: =IFERROR(E15/D15,"-") -> - | M15: =IFERROR(F15/E15,"-") -> - | N15: =IFERROR(G15/F15,"-") -> - | O15: =IFERROR(G15*H15,"-") -> 0
A17: Full Year | B17: =SUM(B4:B15) -> 0 | C17: =SUM(C4:C15) -> 0 | D17: =SUM(D4:D15) -> 0 | E17: =SUM(E4:E15) -> 0 | F17: =SUM(F4:F15) -> 0 | G17: =SUM(G4:G15) -> 0 | H17: =IFERROR(AVERAGEIF(G4:G15,">"&0,H4:H15),"-") -> - | I17: =IFERROR(AVERAGE(I4:I15),"-") -> - | J17: =IFERROR(C17/B17,"-") -> - | K17: =IFERROR(D17/C17,"-") -> - | L17: =IFERROR(E17/D17,"-") -> - | M17: =IFERROR(F17/E17,"-") -> - | N17: =IFERROR(G17/F17,"-") -> - | O17: =IFERROR(G17*H17,"-") -> -
A19: Notes / Assumptions
A25: VERTICAL BREAKDOWN · Annual Totals by Segment
A26: ▸ INPUT DATA (yellow cells) | J26: ▸ AUTO-CALCULATED
A27: Vertical / Segment | B27: Dials | C27: Connects | D27: Sets (SALs) | E27: Demos (SQLs) | F27: Opps (SQOs) | G27: Closed Won | H27: ARPA ($) | I27: Sales Cycle (days) | J27: Connect Rate | K27: Set Rate | L27: Keep Rate | M27: Opp Rate | N27: Close Rate | O27: Revenue ($)
J28: =IFERROR(C28/B28,"-") -> - | K28: =IFERROR(D28/C28,"-") -> - | L28: =IFERROR(E28/D28,"-") -> - | M28: =IFERROR(F28/E28,"-") -> - | N28: =IFERROR(G28/F28,"-") -> - | O28: =IFERROR(G28*H28,"-") -> 0
J29: =IFERROR(C29/B29,"-") -> - | K29: =IFERROR(D29/C29,"-") -> - | L29: =IFERROR(E29/D29,"-") -> - | M29: =IFERROR(F29/E29,"-") -> - | N29: =IFERROR(G29/F29,"-") -> - | O29: =IFERROR(G29*H29,"-") -> 0
J30: =IFERROR(C30/B30,"-") -> - | K30: =IFERROR(D30/C30,"-") -> - | L30: =IFERROR(E30/D30,"-") -> - | M30: =IFERROR(F30/E30,"-") -> - | N30: =IFERROR(G30/F30,"-") -> - | O30: =IFERROR(G30*H30,"-") -> 0
J31: =IFERROR(C31/B31,"-") -> - | K31: =IFERROR(D31/C31,"-") -> - | L31: =IFERROR(E31/D31,"-") -> - | M31: =IFERROR(F31/E31,"-") -> - | N31: =IFERROR(G31/F31,"-") -> - | O31: =IFERROR(G31*H31,"-") -> 0
J32: =IFERROR(C32/B32,"-") -> - | K32: =IFERROR(D32/C32,"-") -> - | L32: =IFERROR(E32/D32,"-") -> - | M32: =IFERROR(F32/E32,"-") -> - | N32: =IFERROR(G32/F32,"-") -> - | O32: =IFERROR(G32*H32,"-") -> 0
J33: =IFERROR(C33/B33,"-") -> - | K33: =IFERROR(D33/C33,"-") -> - | L33: =IFERROR(E33/D33,"-") -> - | M33: =IFERROR(F33/E33,"-") -> - | N33: =IFERROR(G33/F33,"-") -> - | O33: =IFERROR(G33*H33,"-") -> 0
J34: =IFERROR(C34/B34,"-") -> - | K34: =IFERROR(D34/C34,"-") -> - | L34: =IFERROR(E34/D34,"-") -> - | M34: =IFERROR(F34/E34,"-") -> - | N34: =IFERROR(G34/F34,"-") -> - | O34: =IFERROR(G34*H34,"-") -> 0
A35: Total | B35: =SUM(B28:B34) -> 0 | C35: =SUM(C28:C34) -> 0 | D35: =SUM(D28:D34) -> 0 | E35: =SUM(E28:E34) -> 0 | F35: =SUM(F28:F34) -> 0 | G35: =SUM(G28:G34) -> 0 | H35: =IFERROR(AVERAGEIF(G28:G34,">"&0,H28:H34),"-") -> - | I35: =IFERROR(AVERAGE(I28:I34),"-") -> - | J35: =IFERROR(C35/B35,"-") -> - | K35: =IFERROR(D35/C35,"-") -> - | L35: =IFERROR(E35/D35,"-") -> - | M35: =IFERROR(F35/E35,"-") -> - | N35: =IFERROR(G35/F35,"-") -> - | O35: =IFERROR(G35*H35,"-") -> -
A37: REP BREAKDOWN · Annual Totals by Rep
A38: ▸ INPUT DATA (yellow cells) | J38: ▸ AUTO-CALCULATED
A39: Rep Name | B39: Dials | C39: Connects | D39: Sets (SALs) | E39: Demos (SQLs) | F39: Opps (SQOs) | G39: Closed Won | H39: ARPA ($) | I39: Sales Cycle (days) | J39: Connect Rate | K39: Set Rate | L39: Keep Rate | M39: Opp Rate | N39: Close Rate | O39: Revenue ($)
J40: =IFERROR(C40/B40,"-") -> - | K40: =IFERROR(D40/C40,"-") -> - | L40: =IFERROR(E40/D40,"-") -> - | M40: =IFERROR(F40/E40,"-") -> - | N40: =IFERROR(G40/F40,"-") -> - | O40: =IFERROR(G40*H40,"-") -> 0
J41: =IFERROR(C41/B41,"-") -> - | K41: =IFERROR(D41/C41,"-") -> - | L41: =IFERROR(E41/D41,"-") -> - | M41: =IFERROR(F41/E41,"-") -> - | N41: =IFERROR(G41/F41,"-") -> - | O41: =IFERROR(G41*H41,"-") -> 0
J42: =IFERROR(C42/B42,"-") -> - | K42: =IFERROR(D42/C42,"-") -> - | L42: =IFERROR(E42/D42,"-") -> - | M42: =IFERROR(F42/E42,"-") -> - | N42: =IFERROR(G42/F42,"-") -> - | O42: =IFERROR(G42*H42,"-") -> 0
J43: =IFERROR(C43/B43,"-") -> - | K43: =IFERROR(D43/C43,"-") -> - | L43: =IFERROR(E43/D43,"-") -> - | M43: =IFERROR(F43/E43,"-") -> - | N43: =IFERROR(G43/F43,"-") -> - | O43: =IFERROR(G43*H43,"-") -> 0
J44: =IFERROR(C44/B44,"-") -> - | K44: =IFERROR(D44/C44,"-") -> - | L44: =IFERROR(E44/D44,"-") -> - | M44: =IFERROR(F44/E44,"-") -> - | N44: =IFERROR(G44/F44,"-") -> - | O44: =IFERROR(G44*H44,"-") -> 0
J45: =IFERROR(C45/B45,"-") -> - | K45: =IFERROR(D45/C45,"-") -> - | L45: =IFERROR(E45/D45,"-") -> - | M45: =IFERROR(F45/E45,"-") -> - | N45: =IFERROR(G45/F45,"-") -> - | O45: =IFERROR(G45*H45,"-") -> 0
J46: =IFERROR(C46/B46,"-") -> - | K46: =IFERROR(D46/C46,"-") -> - | L46: =IFERROR(E46/D46,"-") -> - | M46: =IFERROR(F46/E46,"-") -> - | N46: =IFERROR(G46/F46,"-") -> - | O46: =IFERROR(G46*H46,"-") -> 0
J47: =IFERROR(C47/B47,"-") -> - | K47: =IFERROR(D47/C47,"-") -> - | L47: =IFERROR(E47/D47,"-") -> - | M47: =IFERROR(F47/E47,"-") -> - | N47: =IFERROR(G47/F47,"-") -> - | O47: =IFERROR(G47*H47,"-") -> 0
A48: Total | B48: =SUM(B40:B47) -> 0 | C48: =SUM(C40:C47) -> 0 | D48: =SUM(D40:D47) -> 0 | E48: =SUM(E40:E47) -> 0 | F48: =SUM(F40:F47) -> 0 | G48: =SUM(G40:G47) -> 0 | H48: =IFERROR(AVERAGEIF(G40:G47,">"&0,H40:H47),"-") -> - | I48: =IFERROR(AVERAGE(I40:I47),"-") -> - | J48: =IFERROR(C48/B48,"-") -> - | K48: =IFERROR(D48/C48,"-") -> - | L48: =IFERROR(E48/D48,"-") -> - | M48: =IFERROR(F48/E48,"-") -> - | N48: =IFERROR(G48/F48,"-") -> - | O48: =IFERROR(G48*H48,"-") -> -

Sheet Email
A1: Outbound — Email
A2: ▸ INPUT DATA (yellow cells) | J2: ▸ AUTO-CALCULATED (do not edit)
A3: Month | B3: Sent | C3: Replies | D3: Sets (SALs) | E3: Demos (SQLs) | F3: Opps (SQOs) | G3: Closed Won | H3: ARPA ($) | I3: Sales Cycle (days) | J3: Reply Rate | K3: Set Rate | L3: Keep Rate | M3: Opp Rate | N3: Close Rate | O3: Revenue ($)
A4: Jan | J4: =IFERROR(C4/B4,"-") -> - | K4: =IFERROR(D4/C4,"-") -> - | L4: =IFERROR(E4/D4,"-") -> - | M4: =IFERROR(F4/E4,"-") -> - | N4: =IFERROR(G4/F4,"-") -> - | O4: =IFERROR(G4*H4,"-") -> 0
A5: Feb | J5: =IFERROR(C5/B5,"-") -> - | K5: =IFERROR(D5/C5,"-") -> - | L5: =IFERROR(E5/D5,"-") -> - | M5: =IFERROR(F5/E5,"-") -> - | N5: =IFERROR(G5/F5,"-") -> - | O5: =IFERROR(G5*H5,"-") -> 0
A6: Mar | J6: =IFERROR(C6/B6,"-") -> - | K6: =IFERROR(D6/C6,"-") -> - | L6: =IFERROR(E6/D6,"-") -> - | M6: =IFERROR(F6/E6,"-") -> - | N6: =IFERROR(G6/F6,"-") -> - | O6: =IFERROR(G6*H6,"-") -> 0
A7: Apr | J7: =IFERROR(C7/B7,"-") -> - | K7: =IFERROR(D7/C7,"-") -> - | L7: =IFERROR(E7/D7,"-") -> - | M7: =IFERROR(F7/E7,"-") -> - | N7: =IFERROR(G7/F7,"-") -> - | O7: =IFERROR(G7*H7,"-") -> 0
A8: May | J8: =IFERROR(C8/B8,"-") -> - | K8: =IFERROR(D8/C8,"-") -> - | L8: =IFERROR(E8/D8,"-") -> - | M8: =IFERROR(F8/E8,"-") -> - | N8: =IFERROR(G8/F8,"-") -> - | O8: =IFERROR(G8*H8,"-") -> 0
A9: Jun | J9: =IFERROR(C9/B9,"-") -> - | K9: =IFERROR(D9/C9,"-") -> - | L9: =IFERROR(E9/D9,"-") -> - | M9: =IFERROR(F9/E9,"-") -> - | N9: =IFERROR(G9/F9,"-") -> - | O9: =IFERROR(G9*H9,"-") -> 0
A10: Jul | J10: =IFERROR(C10/B10,"-") -> - | K10: =IFERROR(D10/C10,"-") -> - | L10: =IFERROR(E10/D10,"-") -> - | M10: =IFERROR(F10/E10,"-") -> - | N10: =IFERROR(G10/F10,"-") -> - | O10: =IFERROR(G10*H10,"-") -> 0
A11: Aug | J11: =IFERROR(C11/B11,"-") -> - | K11: =IFERROR(D11/C11,"-") -> - | L11: =IFERROR(E11/D11,"-") -> - | M11: =IFERROR(F11/E11,"-") -> - | N11: =IFERROR(G11/F11,"-") -> - | O11: =IFERROR(G11*H11,"-") -> 0
A12: Sep | J12: =IFERROR(C12/B12,"-") -> - | K12: =IFERROR(D12/C12,"-") -> - | L12: =IFERROR(E12/D12,"-") -> - | M12: =IFERROR(F12/E12,"-") -> - | N12: =IFERROR(G12/F12,"-") -> - | O12: =IFERROR(G12*H12,"-") -> 0
A13: Oct | J13: =IFERROR(C13/B13,"-") -> - | K13: =IFERROR(D13/C13,"-") -> - | L13: =IFERROR(E13/D13,"-") -> - | M13: =IFERROR(F13/E13,"-") -> - | N13: =IFERROR(G13/F13,"-") -> - | O13: =IFERROR(G13*H13,"-") -> 0
A14: Nov | J14: =IFERROR(C14/B14,"-") -> - | K14: =IFERROR(D14/C14,"-") -> - | L14: =IFERROR(E14/D14,"-") -> - | M14: =IFERROR(F14/E14,"-") -> - | N14: =IFERROR(G14/F14,"-") -> - | O14: =IFERROR(G14*H14,"-") -> 0
A15: Dec | J15: =IFERROR(C15/B15,"-") -> - | K15: =IFERROR(D15/C15,"-") -> - | L15: =IFERROR(E15/D15,"-") -> - | M15: =IFERROR(F15/E15,"-") -> - | N15: =IFERROR(G15/F15,"-") -> - | O15: =IFERROR(G15*H15,"-") -> 0
A17: Full Year | B17: =SUM(B4:B15) -> 0 | C17: =SUM(C4:C15) -> 0 | D17: =SUM(D4:D15) -> 0 | E17: =SUM(E4:E15) -> 0 | F17: =SUM(F4:F15) -> 0 | G17: =SUM(G4:G15) -> 0 | H17: =IFERROR(AVERAGEIF(G4:G15,">"&0,H4:H15),"-") -> - | I17: =IFERROR(AVERAGE(I4:I15),"-") -> - | J17: =IFERROR(C17/B17,"-") -> - | K17: =IFERROR(D17/C17,"-") -> - | L17: =IFERROR(E17/D17,"-") -> - | M17: =IFERROR(F17/E17,"-") -> - | N17: =IFERROR(G17/F17,"-") -> - | O17: =IFERROR(G17*H17,"-") -> -
A19: Notes / Assumptions

Sheet LinkedIn
A1: Outbound — LinkedIn / Social
A2: ▸ INPUT DATA (yellow cells) | J2: ▸ AUTO-CALCULATED (do not edit)
A3: Month | B3: Sent | C3: Replies | D3: Sets (SALs) | E3: Demos (SQLs) | F3: Opps (SQOs) | G3: Closed Won | H3: ARPA ($) | I3: Sales Cycle (days) | J3: Reply Rate | K3: Set Rate | L3: Keep Rate | M3: Opp Rate | N3: Close Rate | O3: Revenue ($)
A4: Jan | J4: =IFERROR(C4/B4,"-") -> - | K4: =IFERROR(D4/C4,"-") -> - | L4: =IFERROR(E4/D4,"-") -> - | M4: =IFERROR(F4/E4,"-") -> - | N4: =IFERROR(G4/F4,"-") -> - | O4: =IFERROR(G4*H4,"-") -> 0
A5: Feb | J5: =IFERROR(C5/B5,"-") -> - | K5: =IFERROR(D5/C5,"-") -> - | L5: =IFERROR(E5/D5,"-") -> - | M5: =IFERROR(F5/E5,"-") -> - | N5: =IFERROR(G5/F5,"-") -> - | O5: =IFERROR(G5*H5,"-") -> 0
A6: Mar | J6: =IFERROR(C6/B6,"-") -> - | K6: =IFERROR(D6/C6,"-") -> - | L6: =IFERROR(E6/D6,"-") -> - | M6: =IFERROR(F6/E6,"-") -> - | N6: =IFERROR(G6/F6,"-") -> - | O6: =IFERROR(G6*H6,"-") -> 0
A7: Apr | J7: =IFERROR(C7/B7,"-") -> - | K7: =IFERROR(D7/C7,"-") -> - | L7: =IFERROR(E7/D7,"-") -> - | M7: =IFERROR(F7/E7,"-") -> - | N7: =IFERROR(G7/F7,"-") -> - | O7: =IFERROR(G7*H7,"-") -> 0
A8: May | J8: =IFERROR(C8/B8,"-") -> - | K8: =IFERROR(D8/C8,"-") -> - | L8: =IFERROR(E8/D8,"-") -> - | M8: =IFERROR(F8/E8,"-") -> - | N8: =IFERROR(G8/F8,"-") -> - | O8: =IFERROR(G8*H8,"-") -> 0
A9: Jun | J9: =IFERROR(C9/B9,"-") -> - | K9: =IFERROR(D9/C9,"-") -> - | L9: =IFERROR(E9/D9,"-") -> - | M9: =IFERROR(F9/E9,"-") -> - | N9: =IFERROR(G9/F9,"-") -> - | O9: =IFERROR(G9*H9,"-") -> 0
A10: Jul | J10: =IFERROR(C10/B10,"-") -> - | K10: =IFERROR(D10/C10,"-") -> - | L10: =IFERROR(E10/D10,"-") -> - | M10: =IFERROR(F10/E10,"-") -> - | N10: =IFERROR(G10/F10,"-") -> - | O10: =IFERROR(G10*H10,"-") -> 0
A11: Aug | J11: =IFERROR(C11/B11,"-") -> - | K11: =IFERROR(D11/C11,"-") -> - | L11: =IFERROR(E11/D11,"-") -> - | M11: =IFERROR(F11/E11,"-") -> - | N11: =IFERROR(G11/F11,"-") -> - | O11: =IFERROR(G11*H11,"-") -> 0
A12: Sep | J12: =IFERROR(C12/B12,"-") -> - | K12: =IFERROR(D12/C12,"-") -> - | L12: =IFERROR(E12/D12,"-") -> - | M12: =IFERROR(F12/E12,"-") -> - | N12: =IFERROR(G12/F12,"-") -> - | O12: =IFERROR(G12*H12,"-") -> 0
A13: Oct | J13: =IFERROR(C13/B13,"-") -> - | K13: =IFERROR(D13/C13,"-") -> - | L13: =IFERROR(E13/D13,"-") -> - | M13: =IFERROR(F13/E13,"-") -> - | N13: =IFERROR(G13/F13,"-") -> - | O13: =IFERROR(G13*H13,"-") -> 0
A14: Nov | J14: =IFERROR(C14/B14,"-") -> - | K14: =IFERROR(D14/C14,"-") -> - | L14: =IFERROR(E14/D14,"-") -> - | M14: =IFERROR(F14/E14,"-") -> - | N14: =IFERROR(G14/F14,"-") -> - | O14: =IFERROR(G14*H14,"-") -> 0
A15: Dec | J15: =IFERROR(C15/B15,"-") -> - | K15: =IFERROR(D15/C15,"-") -> - | L15: =IFERROR(E15/D15,"-") -> - | M15: =IFERROR(F15/E15,"-") -> - | N15: =IFERROR(G15/F15,"-") -> - | O15: =IFERROR(G15*H15,"-") -> 0
A17: Full Year | B17: =SUM(B4:B15) -> 0 | C17: =SUM(C4:C15) -> 0 | D17: =SUM(D4:D15) -> 0 | E17: =SUM(E4:E15) -> 0 | F17: =SUM(F4:F15) -> 0 | G17: =SUM(G4:G15) -> 0 | H17: =IFERROR(AVERAGEIF(G4:G15,">"&0,H4:H15),"-") -> - | I17: =IFERROR(AVERAGE(I4:I15),"-") -> - | J17: =IFERROR(C17/B17,"-") -> - | K17: =IFERROR(D17/C17,"-") -> - | L17: =IFERROR(E17/D17,"-") -> - | M17: =IFERROR(F17/E17,"-") -> - | N17: =IFERROR(G17/F17,"-") -> - | O17: =IFERROR(G17*H17,"-") -> -
A19: Notes / Assumptions

Sheet Inbound
A1: Inbound / Marketing
A2: ▸ INPUT DATA (yellow cells) | J2: ▸ AUTO-CALCULATED (do not edit)
A3: Month | B3: Leads | C3: MQLs | D3: Sets (SALs) | E3: Demos (SQLs) | F3: Opps (SQOs) | G3: Closed Won | H3: ARPA ($) | I3: Sales Cycle (days) | J3: MQL Rate | K3: Set Rate | L3: Keep Rate | M3: Opp Rate | N3: Close Rate | O3: Revenue ($)
A4: Jan | J4: =IFERROR(C4/B4,"-") -> - | K4: =IFERROR(D4/C4,"-") -> - | L4: =IFERROR(E4/D4,"-") -> - | M4: =IFERROR(F4/E4,"-") -> - | N4: =IFERROR(G4/F4,"-") -> - | O4: =IFERROR(G4*H4,"-") -> 0
A5: Feb | J5: =IFERROR(C5/B5,"-") -> - | K5: =IFERROR(D5/C5,"-") -> - | L5: =IFERROR(E5/D5,"-") -> - | M5: =IFERROR(F5/E5,"-") -> - | N5: =IFERROR(G5/F5,"-") -> - | O5: =IFERROR(G5*H5,"-") -> 0
A6: Mar | J6: =IFERROR(C6/B6,"-") -> - | K6: =IFERROR(D6/C6,"-") -> - | L6: =IFERROR(E6/D6,"-") -> - | M6: =IFERROR(F6/E6,"-") -> - | N6: =IFERROR(G6/F6,"-") -> - | O6: =IFERROR(G6*H6,"-") -> 0
A7: Apr | J7: =IFERROR(C7/B7,"-") -> - | K7: =IFERROR(D7/C7,"-") -> - | L7: =IFERROR(E7/D7,"-") -> - | M7: =IFERROR(F7/E7,"-") -> - | N7: =IFERROR(G7/F7,"-") -> - | O7: =IFERROR(G7*H7,"-") -> 0
A8: May | J8: =IFERROR(C8/B8,"-") -> - | K8: =IFERROR(D8/C8,"-") -> - | L8: =IFERROR(E8/D8,"-") -> - | M8: =IFERROR(F8/E8,"-") -> - | N8: =IFERROR(G8/F8,"-") -> - | O8: =IFERROR(G8*H8,"-") -> 0
A9: Jun | J9: =IFERROR(C9/B9,"-") -> - | K9: =IFERROR(D9/C9,"-") -> - | L9: =IFERROR(E9/D9,"-") -> - | M9: =IFERROR(F9/E9,"-") -> - | N9: =IFERROR(G9/F9,"-") -> - | O9: =IFERROR(G9*H9,"-") -> 0
A10: Jul | J10: =IFERROR(C10/B10,"-") -> - | K10: =IFERROR(D10/C10,"-") -> - | L10: =IFERROR(E10/D10,"-") -> - | M10: =IFERROR(F10/E10,"-") -> - | N10: =IFERROR(G10/F10,"-") -> - | O10: =IFERROR(G10*H10,"-") -> 0
A11: Aug | J11: =IFERROR(C11/B11,"-") -> - | K11: =IFERROR(D11/C11,"-") -> - | L11: =IFERROR(E11/D11,"-") -> - | M11: =IFERROR(F11/E11,"-") -> - | N11: =IFERROR(G11/F11,"-") -> - | O11: =IFERROR(G11*H11,"-") -> 0
A12: Sep | J12: =IFERROR(C12/B12,"-") -> - | K12: =IFERROR(D12/C12,"-") -> - | L12: =IFERROR(E12/D12,"-") -> - | M12: =IFERROR(F12/E12,"-") -> - | N12: =IFERROR(G12/F12,"-") -> - | O12: =IFERROR(G12*H12,"-") -> 0
A13: Oct | J13: =IFERROR(C13/B13,"-") -> - | K13: =IFERROR(D13/C13,"-") -> - | L13: =IFERROR(E13/D13,"-") -> - | M13: =IFERROR(F13/E13,"-") -> - | N13: =IFERROR(G13/F13,"-") -> - | O13: =IFERROR(G13*H13,"-") -> 0
A14: Nov | J14: =IFERROR(C14/B14,"-") -> - | K14: =IFERROR(D14/C14,"-") -> - | L14: =IFERROR(E14/D14,"-") -> - | M14: =IFERROR(F14/E14,"-") -> - | N14: =IFERROR(G14/F14,"-") -> - | O14: =IFERROR(G14*H14,"-") -> 0
A15: Dec | J15: =IFERROR(C15/B15,"-") -> - | K15: =IFERROR(D15/C15,"-") -> - | L15: =IFERROR(E15/D15,"-") -> - | M15: =IFERROR(F15/E15,"-") -> - | N15: =IFERROR(G15/F15,"-") -> - | O15: =IFERROR(G15*H15,"-") -> 0
A17: Full Year | B17: =SUM(B4:B15) -> 0 | C17: =SUM(C4:C15) -> 0 | D17: =SUM(D4:D15) -> 0 | E17: =SUM(E4:E15) -> 0 | F17: =SUM(F4:F15) -> 0 | G17: =SUM(G4:G15) -> 0 | H17: =IFERROR(AVERAGEIF(G4:G15,">"&0,H4:H15),"-") -> - | I17: =IFERROR(AVERAGE(I4:I15),"-") -> - | J17: =IFERROR(C17/B17,"-") -> - | K17: =IFERROR(D17/C17,"-") -> - | L17: =IFERROR(E17/D17,"-") -> - | M17: =IFERROR(F17/E17,"-") -> - | N17: =IFERROR(G17/F17,"-") -> - | O17: =IFERROR(G17*H17,"-") -> -
A19: Notes / Assumptions

Sheet Referral
A1: Referral / Word of Mouth
A2: ▸ INPUT DATA (yellow cells) | J2: ▸ AUTO-CALCULATED (do not edit)
A3: Month | B3: Referrals Received | C3: — | D3: Sets (SALs) | E3: Demos (SQLs) | F3: Opps (SQOs) | G3: Closed Won | H3: ARPA ($) | I3: Sales Cycle (days) | J3: — | K3: Set Rate | L3: Keep Rate | M3: Opp Rate | N3: Close Rate | O3: Revenue ($)
A4: Jan | C4: — | J4: — | K4: =IFERROR(D4/B4,"-") -> - | L4: =IFERROR(E4/D4,"-") -> - | M4: =IFERROR(F4/E4,"-") -> - | N4: =IFERROR(G4/F4,"-") -> - | O4: =IFERROR(G4*H4,"-") -> 0
A5: Feb | C5: — | J5: — | K5: =IFERROR(D5/B5,"-") -> - | L5: =IFERROR(E5/D5,"-") -> - | M5: =IFERROR(F5/E5,"-") -> - | N5: =IFERROR(G5/F5,"-") -> - | O5: =IFERROR(G5*H5,"-") -> 0
A6: Mar | C6: — | J6: — | K6: =IFERROR(D6/B6,"-") -> - | L6: =IFERROR(E6/D6,"-") -> - | M6: =IFERROR(F6/E6,"-") -> - | N6: =IFERROR(G6/F6,"-") -> - | O6: =IFERROR(G6*H6,"-") -> 0
A7: Apr | C7: — | J7: — | K7: =IFERROR(D7/B7,"-") -> - | L7: =IFERROR(E7/D7,"-") -> - | M7: =IFERROR(F7/E7,"-") -> - | N7: =IFERROR(G7/F7,"-") -> - | O7: =IFERROR(G7*H7,"-") -> 0
A8: May | C8: — | J8: — | K8: =IFERROR(D8/B8,"-") -> - | L8: =IFERROR(E8/D8,"-") -> - | M8: =IFERROR(F8/E8,"-") -> - | N8: =IFERROR(G8/F8,"-") -> - | O8: =IFERROR(G8*H8,"-") -> 0
A9: Jun | C9: — | J9: — | K9: =IFERROR(D9/B9,"-") -> - | L9: =IFERROR(E9/D9,"-") -> - | M9: =IFERROR(F9/E9,"-") -> - | N9: =IFERROR(G9/F9,"-") -> - | O9: =IFERROR(G9*H9,"-") -> 0
A10: Jul | C10: — | J10: — | K10: =IFERROR(D10/B10,"-") -> - | L10: =IFERROR(E10/D10,"-") -> - | M10: =IFERROR(F10/E10,"-") -> - | N10: =IFERROR(G10/F10,"-") -> - | O10: =IFERROR(G10*H10,"-") -> 0
A11: Aug | C11: — | J11: — | K11: =IFERROR(D11/B11,"-") -> - | L11: =IFERROR(E11/D11,"-") -> - | M11: =IFERROR(F11/E11,"-") -> - | N11: =IFERROR(G11/F11,"-") -> - | O11: =IFERROR(G11*H11,"-") -> 0
A12: Sep | C12: — | J12: — | K12: =IFERROR(D12/B12,"-") -> - | L12: =IFERROR(E12/D12,"-") -> - | M12: =IFERROR(F12/E12,"-") -> - | N12: =IFERROR(G12/F12,"-") -> - | O12: =IFERROR(G12*H12,"-") -> 0
A13: Oct | C13: — | J13: — | K13: =IFERROR(D13/B13,"-") -> - | L13: =IFERROR(E13/D13,"-") -> - | M13: =IFERROR(F13/E13,"-") -> - | N13: =IFERROR(G13/F13,"-") -> - | O13: =IFERROR(G13*H13,"-") -> 0
A14: Nov | C14: — | J14: — | K14: =IFERROR(D14/B14,"-") -> - | L14: =IFERROR(E14/D14,"-") -> - | M14: =IFERROR(F14/E14,"-") -> - | N14: =IFERROR(G14/F14,"-") -> - | O14: =IFERROR(G14*H14,"-") -> 0
A15: Dec | C15: — | J15: — | K15: =IFERROR(D15/B15,"-") -> - | L15: =IFERROR(E15/D15,"-") -> - | M15: =IFERROR(F15/E15,"-") -> - | N15: =IFERROR(G15/F15,"-") -> - | O15: =IFERROR(G15*H15,"-") -> 0
A17: Full Year | B17: =SUM(B4:B15) -> 0 | C17: — | D17: =SUM(D4:D15) -> 0 | E17: =SUM(E4:E15) -> 0 | F17: =SUM(F4:F15) -> 0 | G17: =SUM(G4:G15) -> 0 | H17: =IFERROR(AVERAGEIF(G4:G15,">"&0,H4:H15),"-") -> - | I17: =IFERROR(AVERAGE(I4:I15),"-") -> - | J17: — | K17: =IFERROR(D17/B17,"-") -> - | L17: =IFERROR(E17/D17,"-") -> - | M17: =IFERROR(F17/E17,"-") -> - | N17: =IFERROR(G17/F17,"-") -> - | O17: =IFERROR(G17*H17,"-") -> -
A19: Notes / Assumptions

Sheet Events
A1: Events / Conferences
A2: ▸ INPUT DATA (yellow cells) | J2: ▸ AUTO-CALCULATED (do not edit)
A3: Month | B3: Contacts Made | C3: Follow-Ups Sent | D3: Sets (SALs) | E3: Demos (SQLs) | F3: Opps (SQOs) | G3: Closed Won | H3: ARPA ($) | I3: Sales Cycle (days) | J3: Follow-Up Rate | K3: Set Rate | L3: Keep Rate | M3: Opp Rate | N3: Close Rate | O3: Revenue ($)
A4: Jan | J4: =IFERROR(C4/B4,"-") -> - | K4: =IFERROR(D4/C4,"-") -> - | L4: =IFERROR(E4/D4,"-") -> - | M4: =IFERROR(F4/E4,"-") -> - | N4: =IFERROR(G4/F4,"-") -> - | O4: =IFERROR(G4*H4,"-") -> 0
A5: Feb | J5: =IFERROR(C5/B5,"-") -> - | K5: =IFERROR(D5/C5,"-") -> - | L5: =IFERROR(E5/D5,"-") -> - | M5: =IFERROR(F5/E5,"-") -> - | N5: =IFERROR(G5/F5,"-") -> - | O5: =IFERROR(G5*H5,"-") -> 0
A6: Mar | J6: =IFERROR(C6/B6,"-") -> - | K6: =IFERROR(D6/C6,"-") -> - | L6: =IFERROR(E6/D6,"-") -> - | M6: =IFERROR(F6/E6,"-") -> - | N6: =IFERROR(G6/F6,"-") -> - | O6: =IFERROR(G6*H6,"-") -> 0
A7: Apr | J7: =IFERROR(C7/B7,"-") -> - | K7: =IFERROR(D7/C7,"-") -> - | L7: =IFERROR(E7/D7,"-") -> - | M7: =IFERROR(F7/E7,"-") -> - | N7: =IFERROR(G7/F7,"-") -> - | O7: =IFERROR(G7*H7,"-") -> 0
A8: May | J8: =IFERROR(C8/B8,"-") -> - | K8: =IFERROR(D8/C8,"-") -> - | L8: =IFERROR(E8/D8,"-") -> - | M8: =IFERROR(F8/E8,"-") -> - | N8: =IFERROR(G8/F8,"-") -> - | O8: =IFERROR(G8*H8,"-") -> 0
A9: Jun | J9: =IFERROR(C9/B9,"-") -> - | K9: =IFERROR(D9/C9,"-") -> - | L9: =IFERROR(E9/D9,"-") -> - | M9: =IFERROR(F9/E9,"-") -> - | N9: =IFERROR(G9/F9,"-") -> - | O9: =IFERROR(G9*H9,"-") -> 0
A10: Jul | J10: =IFERROR(C10/B10,"-") -> - | K10: =IFERROR(D10/C10,"-") -> - | L10: =IFERROR(E10/D10,"-") -> - | M10: =IFERROR(F10/E10,"-") -> - | N10: =IFERROR(G10/F10,"-") -> - | O10: =IFERROR(G10*H10,"-") -> 0
A11: Aug | J11: =IFERROR(C11/B11,"-") -> - | K11: =IFERROR(D11/C11,"-") -> - | L11: =IFERROR(E11/D11,"-") -> - | M11: =IFERROR(F11/E11,"-") -> - | N11: =IFERROR(G11/F11,"-") -> - | O11: =IFERROR(G11*H11,"-") -> 0
A12: Sep | J12: =IFERROR(C12/B12,"-") -> - | K12: =IFERROR(D12/C12,"-") -> - | L12: =IFERROR(E12/D12,"-") -> - | M12: =IFERROR(F12/E12,"-") -> - | N12: =IFERROR(G12/F12,"-") -> - | O12: =IFERROR(G12*H12,"-") -> 0
A13: Oct | J13: =IFERROR(C13/B13,"-") -> - | K13: =IFERROR(D13/C13,"-") -> - | L13: =IFERROR(E13/D13,"-") -> - | M13: =IFERROR(F13/E13,"-") -> - | N13: =IFERROR(G13/F13,"-") -> - | O13: =IFERROR(G13*H13,"-") -> 0
A14: Nov | J14: =IFERROR(C14/B14,"-") -> - | K14: =IFERROR(D14/C14,"-") -> - | L14: =IFERROR(E14/D14,"-") -> - | M14: =IFERROR(F14/E14,"-") -> - | N14: =IFERROR(G14/F14,"-") -> - | O14: =IFERROR(G14*H14,"-") -> 0
A15: Dec | J15: =IFERROR(C15/B15,"-") -> - | K15: =IFERROR(D15/C15,"-") -> - | L15: =IFERROR(E15/D15,"-") -> - | M15: =IFERROR(F15/E15,"-") -> - | N15: =IFERROR(G15/F15,"-") -> - | O15: =IFERROR(G15*H15,"-") -> 0
A17: Full Year | B17: =SUM(B4:B15) -> 0 | C17: =SUM(C4:C15) -> 0 | D17: =SUM(D4:D15) -> 0 | E17: =SUM(E4:E15) -> 0 | F17: =SUM(F4:F15) -> 0 | G17: =SUM(G4:G15) -> 0 | H17: =IFERROR(AVERAGEIF(G4:G15,">"&0,H4:H15),"-") -> - | I17: =IFERROR(AVERAGE(I4:I15),"-") -> - | J17: =IFERROR(C17/B17,"-") -> - | K17: =IFERROR(D17/C17,"-") -> - | L17: =IFERROR(E17/D17,"-") -> - | M17: =IFERROR(F17/E17,"-") -> - | N17: =IFERROR(G17/F17,"-") -> - | O17: =IFERROR(G17*H17,"-") -> -
A19: Notes / Assumptions

Sheet Partner
A1: Partner / Channel
A2: ▸ INPUT DATA (yellow cells) | J2: ▸ AUTO-CALCULATED (do not edit)
A3: Month | B3: Partner Leads | C3: — | D3: Sets (SALs) | E3: Demos (SQLs) | F3: Opps (SQOs) | G3: Closed Won | H3: ARPA ($) | I3: Sales Cycle (days) | J3: — | K3: Set Rate | L3: Keep Rate | M3: Opp Rate | N3: Close Rate | O3: Revenue ($)
A4: Jan | C4: — | J4: — | K4: =IFERROR(D4/B4,"-") -> - | L4: =IFERROR(E4/D4,"-") -> - | M4: =IFERROR(F4/E4,"-") -> - | N4: =IFERROR(G4/F4,"-") -> - | O4: =IFERROR(G4*H4,"-") -> 0
A5: Feb | C5: — | J5: — | K5: =IFERROR(D5/B5,"-") -> - | L5: =IFERROR(E5/D5,"-") -> - | M5: =IFERROR(F5/E5,"-") -> - | N5: =IFERROR(G5/F5,"-") -> - | O5: =IFERROR(G5*H5,"-") -> 0
A6: Mar | C6: — | J6: — | K6: =IFERROR(D6/B6,"-") -> - | L6: =IFERROR(E6/D6,"-") -> - | M6: =IFERROR(F6/E6,"-") -> - | N6: =IFERROR(G6/F6,"-") -> - | O6: =IFERROR(G6*H6,"-") -> 0
A7: Apr | C7: — | J7: — | K7: =IFERROR(D7/B7,"-") -> - | L7: =IFERROR(E7/D7,"-") -> - | M7: =IFERROR(F7/E7,"-") -> - | N7: =IFERROR(G7/F7,"-") -> - | O7: =IFERROR(G7*H7,"-") -> 0
A8: May | C8: — | J8: — | K8: =IFERROR(D8/B8,"-") -> - | L8: =IFERROR(E8/D8,"-") -> - | M8: =IFERROR(F8/E8,"-") -> - | N8: =IFERROR(G8/F8,"-") -> - | O8: =IFERROR(G8*H8,"-") -> 0
A9: Jun | C9: — | J9: — | K9: =IFERROR(D9/B9,"-") -> - | L9: =IFERROR(E9/D9,"-") -> - | M9: =IFERROR(F9/E9,"-") -> - | N9: =IFERROR(G9/F9,"-") -> - | O9: =IFERROR(G9*H9,"-") -> 0
A10: Jul | C10: — | J10: — | K10: =IFERROR(D10/B10,"-") -> - | L10: =IFERROR(E10/D10,"-") -> - | M10: =IFERROR(F10/E10,"-") -> - | N10: =IFERROR(G10/F10,"-") -> - | O10: =IFERROR(G10*H10,"-") -> 0
A11: Aug | C11: — | J11: — | K11: =IFERROR(D11/B11,"-") -> - | L11: =IFERROR(E11/D11,"-") -> - | M11: =IFERROR(F11/E11,"-") -> - | N11: =IFERROR(G11/F11,"-") -> - | O11: =IFERROR(G11*H11,"-") -> 0
A12: Sep | C12: — | J12: — | K12: =IFERROR(D12/B12,"-") -> - | L12: =IFERROR(E12/D12,"-") -> - | M12: =IFERROR(F12/E12,"-") -> - | N12: =IFERROR(G12/F12,"-") -> - | O12: =IFERROR(G12*H12,"-") -> 0
A13: Oct | C13: — | J13: — | K13: =IFERROR(D13/B13,"-") -> - | L13: =IFERROR(E13/D13,"-") -> - | M13: =IFERROR(F13/E13,"-") -> - | N13: =IFERROR(G13/F13,"-") -> - | O13: =IFERROR(G13*H13,"-") -> 0
A14: Nov | C14: — | J14: — | K14: =IFERROR(D14/B14,"-") -> - | L14: =IFERROR(E14/D14,"-") -> - | M14: =IFERROR(F14/E14,"-") -> - | N14: =IFERROR(G14/F14,"-") -> - | O14: =IFERROR(G14*H14,"-") -> 0
A15: Dec | C15: — | J15: — | K15: =IFERROR(D15/B15,"-") -> - | L15: =IFERROR(E15/D15,"-") -> - | M15: =IFERROR(F15/E15,"-") -> - | N15: =IFERROR(G15/F15,"-") -> - | O15: =IFERROR(G15*H15,"-") -> 0
A17: Full Year | B17: =SUM(B4:B15) -> 0 | C17: — | D17: =SUM(D4:D15) -> 0 | E17: =SUM(E4:E15) -> 0 | F17: =SUM(F4:F15) -> 0 | G17: =SUM(G4:G15) -> 0 | H17: =IFERROR(AVERAGEIF(G4:G15,">"&0,H4:H15),"-") -> - | I17: =IFERROR(AVERAGE(I4:I15),"-") -> - | J17: — | K17: =IFERROR(D17/B17,"-") -> - | L17: =IFERROR(E17/D17,"-") -> - | M17: =IFERROR(F17/E17,"-") -> - | N17: =IFERROR(G17/F17,"-") -> - | O17: =IFERROR(G17*H17,"-") -> -
A19: Notes / Assumptions
